Player,Position,GW,total_points,Predicted Base Points,Predicted Bonus Points,Predicted Total Points,Opponent,H/A
Muñoz,DEF,32,0.0,8.531694,6,14.531693935394300,"Manchester City, Newcastle United","A, A"
Isak,FWD,32,0.0,7.68102,2,9.68101978302002,"Manchester United, Crystal Palace","H, H"
Eze,MID,32,0.0,7.1393147,2,9.139314413070680,"Manchester City, Newcastle United","A, A"
Henderson,GKP,32,0.0,7.071965,2,9.071965217590330,"Manchester City, Newcastle United","A, A"
M.Salah,MID,32,0.0,5.4961357,3,8.496135711669920,West Ham United,H
Palmer,MID,32,0.0,5.35481,3,8.354810237884520,Ipswich Town,H
B.Fernandes,MID,32,0.0,5.0455956,3,8.045595645904540,Newcastle United,A
Johnson,MID,32,0.0,4.908722,3,7.908721923828130,Wolverhampton Wanderers,A
Gibbs-White,MID,32,0.0,4.618088,3,7.6180877685546900,Everton,H
I.Sarr,MID,32,0.0,6.5148845,1,7.5148844718933100,"Manchester City, Newcastle United","A, A"
Rogers,MID,32,0.0,4.2620435,3,7.262043476104740,Southampton,A
Barnes,MID,32,0.0,7.0230865,0,7.023086309432980,"Manchester United, Crystal Palace","H, H"
Mbeumo,MID,32,0.0,3.9574387,3,6.957438707351690,Arsenal,A
Enzo,MID,32,0.0,4.956101,2,6.956100940704350,Ipswich Town,H
Evanilson,FWD,32,0.0,3.8567586,3,6.8567585945129400,Fulham,H
J.Murphy,MID,32,0.0,6.483485,0,6.483484983444210,"Manchester United, Crystal Palace","H, H"
Van Hecke,DEF,32,0.0,3.3958237,3,6.39582371711731,Leicester City,H
Mateta,FWD,32,0.0,6.3346796,0,6.33467960357666,"Manchester City, Newcastle United","A, A"
Tielemans,MID,32,0.0,4.252251,2,6.252251148223880,Southampton,A
Burn,DEF,32,0.0,6.1489143,0,6.148914098739620,"Manchester United, Crystal Palace","H, H"
Schär,DEF,32,0.0,6.03534,0,6.035339832305910,"Manchester United, Crystal Palace","H, H"
Onana,GKP,32,0.0,3.932707,2,5.932707071304320,Newcastle United,A
Livramento,DEF,32,0.0,5.740411,0,5.740410566329960,"Manchester United, Crystal Palace","H, H"
Szoboszlai,MID,32,0.0,3.7094429,2,5.709442853927610,West Ham United,H
Raúl,FWD,32,0.0,3.6554801,2,5.655480146408080,Bournemouth,A
Elanga,MID,32,0.0,3.5725834,2,5.572583436965940,Everton,H
Munetsi,MID,32,0.0,3.5082934,2,5.508293390274050,Tottenham Hotspur,H
Bruno G.,MID,32,0.0,5.4570417,0,5.45704197883606,"Manchester United, Crystal Palace","H, H"
Lacroix,DEF,32,0.0,5.352404,0,5.3524041175842300,"Manchester City, Newcastle United","A, A"
Raya,GKP,32,0.0,3.3122575,2,5.312257528305050,Brentford,H
Rashford,MID,32,0.0,4.25119,1,5.251190185546880,Southampton,A
Cucurella,DEF,32,0.0,4.1866403,1,5.18664026260376,Ipswich Town,H
Mitoma,MID,32,0.0,3.128668,2,5.1286680698394800,Leicester City,H
Guéhi,DEF,32,0.0,5.0123377,0,5.012337923049930,"Manchester City, Newcastle United","A, A"
Joelinton,MID,32,0.0,4.5766535,0,4.576653480529790,"Manchester United, Crystal Palace","H, H"
Luis Díaz,MID,32,0.0,3.5523639,1,4.552363872528080,West Ham United,H
Sels,GKP,32,0.0,3.5055246,1,4.505524635314940,Everton,H
Pope,GKP,32,0.0,4.477355,0,4.477355241775510,"Manchester United, Crystal Palace","H, H"
Trippier,DEF,32,0.0,4.397897,0,4.397896647453310,"Manchester United, Crystal Palace","H, H"
Ødegaard,MID,32,0.0,3.310787,1,4.310786962509160,Brentford,H
Semenyo,MID,32,0.0,3.2537482,1,4.253748178482060,Fulham,H
Tonali,MID,32,0.0,4.2489476,0,4.248947620391850,"Manchester United, Crystal Palace","H, H"
Martinez,GKP,32,0.0,4.216895,0,4.21689510345459,Southampton,A
Maddison,MID,32,0.0,3.180114,1,4.180114030838010,Wolverhampton Wanderers,A
Mitchell,DEF,32,0.0,4.17483,0,4.174829959869390,"Manchester City, Newcastle United","A, A"
Sánchez,GKP,32,0.0,4.152965,0,4.152965068817140,Ipswich Town,H
Lerma,MID,32,0.0,4.004782,0,4.004782199859620,"Manchester City, Newcastle United","A, A"
Baleba,MID,32,0.0,2.9844706,1,3.9844706058502200,Leicester City,H
Konaté,DEF,32,0.0,3.5255404,0,3.525540351867680,West Ham United,H
Sancho,MID,32,0.0,3.5103297,0,3.5103297233581500,Ipswich Town,H
Pickford,GKP,32,0.0,3.3527985,0,3.3527984619140600,Nottingham Forest,A
Bowen,MID,32,0.0,3.3308272,0,3.330827236175540,Liverpool,A
Wharton,MID,32,0.0,3.3005204,0,3.300520420074460,"Manchester City, Newcastle United","A, A"
Nkunku,MID,32,0.0,3.2970028,0,3.2970027923584000,Ipswich Town,H
Saliba,DEF,32,0.0,3.2913716,0,3.2913715839386000,Brentford,H
Neto,MID,32,0.0,3.284627,0,3.2846269607543900,Ipswich Town,H
Gvardiol,DEF,32,0.0,3.2320766,0,3.232076644897460,Crystal Palace,H
Jones,MID,32,0.0,3.2112057,0,3.2112057209014900,West Ham United,H
Kamada,MID,32,0.0,3.209145,0,3.2091450691223100,"Manchester City, Newcastle United","A, A"
Schade,MID,32,0.0,3.196672,0,3.196671962738040,Arsenal,A
Diogo J.,MID,32,0.0,3.1870623,0,3.1870622634887700,West Ham United,H
Dorgu,DEF,32,0.0,3.1732442,0,3.1732442378997800,Newcastle United,A
Garnacho,MID,32,0.0,3.1391547,0,3.1391546726226800,Newcastle United,A
Marmoush,FWD,32,0.0,3.1200123,0,3.1200122833252000,Crystal Palace,H
Delap,FWD,32,0.0,3.1199293,0,3.119929313659670,Chelsea,A
Malen,MID,32,0.0,3.1161683,0,3.116168260574340,Southampton,A
Onuachu,FWD,32,0.0,3.1104167,0,3.1104166507720900,Aston Villa,H
Son,MID,32,0.0,3.1002784,0,3.100278377532960,Wolverhampton Wanderers,A
Gordon,MID,32,0.0,3.0729508,0,3.072950839996340,"Manchester United, Crystal Palace","H, H"
Trossard,MID,32,0.0,3.060055,0,3.0600550174713100,Brentford,H
Hall,DEF,32,0.0,3.0411499,0,3.041149854660030,"Manchester United, Crystal Palace","H, H"
Højlund,FWD,32,0.0,3.0368526,0,3.0368525981903100,Newcastle United,A
Andreas,MID,32,0.0,3.0342999,0,3.034299850463870,Bournemouth,A
Hudson-Odoi,MID,32,0.0,3.0127304,0,3.012730360031130,Everton,H
McGinn,MID,32,0.0,2.9821239,0,2.982123851776120,Southampton,A
Iwobi,MID,32,0.0,2.9801548,0,2.9801547527313200,Bournemouth,A
Martinelli,MID,32,0.0,2.9717562,0,2.9717562198638900,Brentford,H
Flekken,GKP,32,0.0,2.9519346,0,2.951934576034550,Arsenal,A
N.Williams,DEF,32,0.0,2.9423265,0,2.942326545715330,Everton,H
Rice,MID,32,0.0,2.9398456,0,2.939845561981200,Brentford,H
Leno,GKP,32,0.0,2.9367764,0,2.9367763996124300,Bournemouth,A
Beto,FWD,32,0.0,2.9123294,0,2.9123294353485100,Nottingham Forest,A
Haaland,FWD,32,0.0,2.9087749,0,2.9087748527526900,Crystal Palace,H
Collins,DEF,32,0.0,2.9015594,0,2.901559352874760,Arsenal,A
Merino,MID,32,0.0,2.8967023,0,2.896702289581300,Brentford,H
Aït-Nouri,DEF,32,0.0,2.8930929,0,2.8930928707122800,Tottenham Hotspur,H
Gündogan,MID,32,0.0,2.8797262,0,2.8797261714935300,Crystal Palace,H
Anderson,MID,32,0.0,2.8773508,0,2.8773508071899400,Everton,H
Watkins,FWD,32,0.0,2.8636103,0,2.86361026763916,Southampton,A
N.Semedo,DEF,32,0.0,2.8409061,0,2.8409061431884800,Tottenham Hotspur,H
Kudus,MID,32,0.0,2.8344429,0,2.8344428539276100,Liverpool,A
Mazraoui,DEF,32,0.0,2.8181424,0,2.8181424140930200,Newcastle United,A
Mac Allister,MID,32,0.0,2.8129156,0,2.812915563583370,West Ham United,H
Gusto,DEF,32,0.0,2.7918372,0,2.791837215423580,Ipswich Town,H
Kelleher,GKP,32,0.0,2.7791123,0,2.7791123390197800,West Ham United,H
Chalobah,DEF,32,0.0,2.7601018,0,2.760101795196530,Ipswich Town,H
Murillo,DEF,32,0.0,2.7561228,0,2.7561228275299100,Everton,H
Kluivert,MID,32,0.0,2.7395654,0,2.739565372467040,Fulham,H
Muniz,FWD,32,0.0,2.7329652,0,2.7329652309417700,Bournemouth,A
Solanke,FWD,32,0.0,2.7297125,0,2.72971248626709,Wolverhampton Wanderers,A
Robertson,DEF,32,0.0,2.7195265,0,2.719526529312130,West Ham United,H
Strand Larsen,FWD,32,0.0,2.7012374,0,2.701237440109250,Tottenham Hotspur,H
Estupiñan,DEF,32,0.0,2.6982467,0,2.698246717453000,Leicester City,H
Ramsey,MID,32,0.0,2.6874292,0,2.687429189682010,Southampton,A
Daka,FWD,32,0.0,2.6851182,0,2.6851181983947800,Brighton & Hove Albion,A
Vardy,FWD,32,0.0,2.6631076,0,2.6631076335907000,Brighton & Hove Albion,A
Hermansen,GKP,32,0.0,2.6416779,0,2.6416778564453100,Brighton & Hove Albion,A
Kerkez,DEF,32,0.0,2.6389067,0,2.638906717300420,Fulham,H
Willock,MID,32,0.0,2.6310282,0,2.631028175354000,"Manchester United, Crystal Palace","H, H"
Alexander-Arnold,DEF,32,0.0,2.625627,0,2.625627040863040,West Ham United,H
Doku,MID,32,0.0,2.6217346,0,2.621734619140630,Crystal Palace,H
Palmer,GKP,32,0.0,2.611984,0,2.6119840145111100,Chelsea,A
Dunk,DEF,32,0.0,2.5994003,0,2.599400281906130,Leicester City,H
Wissa,FWD,32,0.0,2.593427,0,2.5934269428253200,Arsenal,A
Ndiaye,FWD,32,0.0,2.56334,0,2.563339948654180,Nottingham Forest,A
O.Dango,MID,32,0.0,2.5631511,0,2.5631511211395300,Fulham,H
Milenković,DEF,32,0.0,2.5593972,0,2.5593972206115700,Everton,H
Harrison,MID,32,0.0,2.549888,0,2.5498878955841100,Nottingham Forest,A
Saka,MID,32,0.0,2.545507,0,2.5455069541931200,Brentford,H
Minteh,MID,32,0.0,2.5400698,0,2.540069818496700,Leicester City,H
Konsa,DEF,32,0.0,2.5042508,0,2.5042507648468000,Southampton,A
Hughes,MID,32,0.0,2.5035973,0,2.5035972595214800,"Manchester City, Newcastle United","A, A"
Dalot,DEF,32,0.0,2.4935145,0,2.4935145378112800,Newcastle United,A
Colwill,DEF,32,0.0,2.484009,0,2.484009027481080,Ipswich Town,H
José Sá,GKP,32,0.0,2.4789267,0,2.478926658630370,Tottenham Hotspur,H
João Pedro,FWD,32,0.0,2.4748554,0,2.474855422973630,Leicester City,H
Savinho,MID,32,0.0,2.4734294,0,2.4734294414520300,Crystal Palace,H
M.Asensio,MID,32,0.0,2.467846,0,2.467845916748050,Southampton,A
Areola,GKP,32,0.0,2.4464235,0,2.4464235305786100,Liverpool,A
Digne,DEF,32,0.0,2.4345996,0,2.4345996379852300,Southampton,A
Cook,MID,32,0.0,2.430544,0,2.430543899536130,Fulham,H
Virgil,DEF,32,0.0,2.4248629,0,2.424862861633300,West Ham United,H
Ayari,MID,32,0.0,2.3963807,0,2.396380662918090,Leicester City,H
Romero,DEF,32,0.0,2.3870609,0,2.3870608806610100,Wolverhampton Wanderers,A
Caicedo,MID,32,0.0,2.3855677,0,2.3855676651001000,Ipswich Town,H
Huijsen,DEF,32,0.0,2.3736806,0,2.373680591583250,Fulham,H
Damsgaard,MID,32,0.0,2.373049,0,2.373049020767210,Arsenal,A
Gravenberch,MID,32,0.0,2.3703623,0,2.3703622817993200,West Ham United,H
Lewis-Potter,MID,32,0.0,2.3698537,0,2.3698537349700900,Arsenal,A
Rúben,DEF,32,0.0,2.3506155,0,2.3506155014038100,Crystal Palace,H
Tarkowski,DEF,32,0.0,2.3421378,0,2.3421378135681200,Nottingham Forest,A
Spence,DEF,32,0.0,2.3181849,0,2.3181848526001000,Wolverhampton Wanderers,A
Hinshelwood,MID,32,0.0,2.3021274,0,2.3021273612976100,Leicester City,H
Wood,FWD,32,0.0,2.3006966,0,2.300696611404420,Everton,H
Mings,DEF,32,0.0,2.2944245,0,2.294424533843990,Southampton,A
Disasi,DEF,32,0.0,2.282367,0,2.282366991043090,Southampton,A
Vicario,GKP,32,0.0,2.2799847,0,2.279984712600710,Wolverhampton Wanderers,A
O'Shea,DEF,32,0.0,2.2728484,0,2.27284836769104,Chelsea,A
Verbruggen,GKP,32,0.0,2.264324,0,2.2643239498138400,Leicester City,H
M.Fernandes,MID,32,0.0,2.2562246,0,2.2562246322631800,Aston Villa,H
Toti,DEF,32,0.0,2.2510004,0,2.25100040435791,Tottenham Hotspur,H
Bernardo,MID,32,0.0,2.2238002,0,2.2238001823425300,Crystal Palace,H
L.Paquetá,MID,32,0.0,2.2059762,0,2.2059762477874800,Liverpool,A
A.Doucoure,MID,32,0.0,2.1776826,0,2.177682638168340,Nottingham Forest,A
Christie,MID,32,0.0,2.151386,0,2.151386022567750,Fulham,H
Foden,MID,32,0.0,2.148447,0,2.148447036743160,Crystal Palace,H
Brooks,MID,32,0.0,2.1438653,0,2.1438653469085700,Fulham,H
Robinson,DEF,32,0.0,2.1329944,0,2.1329944133758500,Bournemouth,A
Ramsdale,GKP,32,0.0,2.1122332,0,2.1122331619262700,Aston Villa,H
Tavernier,MID,32,0.0,2.1001868,0,2.100186824798580,Fulham,H
Tel,MID,32,0.0,2.0991902,0,2.0991902351379400,Wolverhampton Wanderers,A
Zabarnyi,DEF,32,0.0,2.0764823,0,2.0764822959899900,Fulham,H
Miley,MID,32,0.0,2.071737,0,2.0717371106147800,"Manchester United, Crystal Palace","H, H"
Ederson M.,GKP,32,0.0,2.0665772,0,2.066577196121220,Crystal Palace,H
Doherty,DEF,32,0.0,2.0660417,0,2.0660417079925500,Tottenham Hotspur,H
Bentancur,MID,32,0.0,2.0549283,0,2.0549283027648900,Wolverhampton Wanderers,A
Branthwaite,DEF,32,0.0,2.0428429,0,2.0428428649902300,Nottingham Forest,A
Gakpo,FWD,32,0.0,2.0384903,0,2.0384902954101600,West Ham United,H
Gómez,MID,32,0.0,2.019991,0,2.019990921020510,Leicester City,H
J.Gomes,MID,32,0.0,2.01647,0,2.016469955444340,Tottenham Hotspur,H
Yates,MID,32,0.0,2.0146515,0,2.0146515369415300,Everton,H
Pedro Porro,DEF,32,0.0,1.9947877,0,1.9947876930236800,Wolverhampton Wanderers,A
Matheus N.,MID,32,0.0,1.991948,0,1.9919480085372900,Crystal Palace,H
Welbeck,FWD,32,0.0,1.988884,0,1.9888839721679700,Leicester City,H
Madueke,MID,32,0.0,1.9829123,0,1.982912302017210,Ipswich Town,H
O'Brien,DEF,32,0.0,1.9767783,0,1.976778268814090,Nottingham Forest,A
Kovačić,MID,32,0.0,1.9707729,0,1.9707728624343900,Crystal Palace,H
Gana,MID,32,0.0,1.9699776,0,1.969977617263790,Nottingham Forest,A
Wan-Bissaka,DEF,32,0.0,1.9670781,0,1.9670780897140500,Liverpool,A
Davies,DEF,32,0.0,1.9514092,0,1.9514092206955000,Wolverhampton Wanderers,A
Arrizabalaga,GKP,32,0.0,1.9461211,0,1.946121096611020,Fulham,H
Jota Silva,MID,32,0.0,1.9348401,0,1.9348400831222500,Everton,H
De Bruyne,MID,32,0.0,1.9347856,0,1.9347856044769300,Crystal Palace,H
Kamaldeen,MID,32,0.0,1.9214052,0,1.9214051961898800,Aston Villa,H
Bailey,MID,32,0.0,1.9177355,0,1.9177354574203500,Southampton,A
Füllkrug,FWD,32,0.0,1.9137009,0,1.9137009382247900,Liverpool,A
Wilson,FWD,32,0.0,1.9084127,0,1.9084126353263900,"Manchester United, Crystal Palace","H, H"
James,DEF,32,0.0,1.9046375,0,1.9046374559402500,Ipswich Town,H
Nørgaard,MID,32,0.0,1.9003386,0,1.9003386497497600,Arsenal,A
Faes,DEF,32,0.0,1.8867711,0,1.8867710828781100,Brighton & Hove Albion,A
Ndidi,MID,32,0.0,1.870726,0,1.8707259893417400,Brighton & Hove Albion,A
Muric,GKP,32,0.0,1.8705342,0,1.8705341815948500,Chelsea,A
Thomas,MID,32,0.0,1.8699123,0,1.8699122667312600,Brentford,H
Onana,MID,32,0.0,1.83495,0,1.8349499702453600,Southampton,A
Adingra,MID,32,0.0,1.8282682,0,1.8282681703567500,Leicester City,H
Pinnock,DEF,32,0.0,1.816115,0,1.8161150217056300,Arsenal,A
Kilman,DEF,32,0.0,1.8126266,0,1.812626600265500,Liverpool,A
Ward-Prowse,MID,32,0.0,1.8099684,0,1.80996835231781,Liverpool,A
Mykolenko,DEF,32,0.0,1.7965517,0,1.7965517044067400,Nottingham Forest,A
Ugochukwu,MID,32,0.0,1.7922798,0,1.792279839515690,Aston Villa,H
André,MID,32,0.0,1.7920023,0,1.7920023202896100,Tottenham Hotspur,H
Alcaraz,MID,32,0.0,1.7894096,0,1.7894096374511700,Nottingham Forest,A
Longstaff,MID,32,0.0,1.7792941,0,1.7792941331863400,"Manchester United, Crystal Palace","H, H"
Lewis-Skelly,MID,32,0.0,1.7765315,0,1.776531457901000,Brentford,H
N.Jackson,FWD,32,0.0,1.7657915,0,1.7657915353775000,Ipswich Town,H
El Khannouss,MID,32,0.0,1.7603513,0,1.760351300239560,Brighton & Hove Albion,A
Dominguez,MID,32,0.0,1.759484,0,1.759484052658080,Everton,H
Ugarte,MID,32,0.0,1.7554753,0,1.7554752826690700,Newcastle United,A
Berge,MID,32,0.0,1.7430012,0,1.7430012226104700,Bournemouth,A
Nwaneri,MID,32,0.0,1.7420977,0,1.7420977354049700,Brentford,H
Bergvall,MID,32,0.0,1.7382143,0,1.7382142543792700,Wolverhampton Wanderers,A
Krafth,DEF,32,0.0,1.7353964,0,1.735396385192870,"Manchester United, Crystal Palace","H, H"
Darwin,FWD,32,0.0,1.7351806,0,1.7351806163787800,West Ham United,H
Buonanotte,MID,32,0.0,1.7346402,0,1.7346402406692500,Brighton & Hove Albion,A
De Ligt,DEF,32,0.0,1.7260777,0,1.726077675819400,Newcastle United,A
Dibling,MID,32,0.0,1.7219899,0,1.7219898700714100,Aston Villa,H
Udogie,DEF,32,0.0,1.7215376,0,1.7215375900268600,Wolverhampton Wanderers,A
N.Gonzalez,MID,32,0.0,1.7054933,0,1.7054933309555100,Crystal Palace,H
Smith Rowe,MID,32,0.0,1.6833372,0,1.6833372116088900,Bournemouth,A
Adams,MID,32,0.0,1.6820465,0,1.6820465326309200,Fulham,H
J.Timber,DEF,32,0.0,1.6793056,0,1.6793055534362800,Brentford,H
Grealish,MID,32,0.0,1.6780465,0,1.678046464920040,Crystal Palace,H
Cajuste,MID,32,0.0,1.6664184,0,1.666418433189390,Chelsea,A
Casemiro,MID,32,0.0,1.6639957,0,1.6639957427978500,Newcastle United,A
Sessegnon,DEF,32,0.0,1.6602429,0,1.6602429151535000,Bournemouth,A
Agbadou,DEF,32,0.0,1.652652,0,1.6526520252227800,Tottenham Hotspur,H
Sterling,MID,32,0.0,1.632066,0,1.632066011428830,Brentford,H
Souček,MID,32,0.0,1.6320516,0,1.6320515871048000,Liverpool,A
Enciso,MID,32,0.0,1.6240739,0,1.62407386302948,Chelsea,A
Janelt,MID,32,0.0,1.5985621,0,1.5985621213913000,Arsenal,A
Bassey,DEF,32,0.0,1.5791262,0,1.579126238822940,Bournemouth,A
Nketiah,FWD,32,0.0,1.5723045,0,1.5723044872283900,"Manchester City, Newcastle United","A, A"
Andersen,DEF,32,0.0,1.5686097,0,1.5686097145080600,Bournemouth,A
Bellegarde,MID,32,0.0,1.5668507,0,1.5668506622314500,Tottenham Hotspur,H
Georginio,MID,32,0.0,1.5658994,0,1.56589937210083,Leicester City,H
B.Soumaré,MID,32,0.0,1.5648347,0,1.564834713935850,Brighton & Hove Albion,A
Awoniyi,FWD,32,0.0,1.5584438,0,1.5584437847137500,Everton,H
Garner,MID,32,0.0,1.5428061,0,1.5428061485290500,Nottingham Forest,A
Tsimikas,DEF,32,0.0,1.5296439,0,1.5296438932418800,West Ham United,H
Van den Berg,DEF,32,0.0,1.5272644,0,1.5272643566131600,Arsenal,A
Adama,MID,32,0.0,1.5188594,0,1.5188593864440900,Bournemouth,A
P.M.Sarr,MID,32,0.0,1.4987231,0,1.4987231492996200,Wolverhampton Wanderers,A
Coady,DEF,32,0.0,1.4885249,0,1.4885249137878400,Brighton & Hove Albion,A
Aribo,MID,32,0.0,1.4719459,0,1.471945881843570,Aston Villa,H
Scott,MID,32,0.0,1.4702312,0,1.4702311754226700,Fulham,H
Castagne,DEF,32,0.0,1.4352803,0,1.4352803230285600,Bournemouth,A
Willian,MID,32,0.0,1.4340113,0,1.4340113401413000,Bournemouth,A
Tosin,DEF,32,0.0,1.422484,0,1.422484040260320,Ipswich Town,H
Yarmoliuk,MID,32,0.0,1.416023,0,1.4160230159759500,Arsenal,A
Manning,DEF,32,0.0,1.4144729,0,1.4144729375839200,Aston Villa,H
Bednarek,DEF,32,0.0,1.4113837,0,1.4113837480545000,Aston Villa,H
Walker-Peters,DEF,32,0.0,1.4011259,0,1.4011259078979500,Aston Villa,H
Cash,DEF,32,0.0,1.3945286,0,1.3945286273956300,Southampton,A
Gruda,MID,32,0.0,1.3808413,0,1.3808412551879900,Leicester City,H
J.Clarke,MID,32,0.0,1.3793586,0,1.3793586492538500,Chelsea,A
Justin,DEF,32,0.0,1.3774501,0,1.3774501085281400,Brighton & Hove Albion,A
O’Reilly,MID,32,0.0,1.3748235,0,1.3748234510421800,Crystal Palace,H
Maatsen,DEF,32,0.0,1.3724401,0,1.3724400997161900,Southampton,A
Thomas,DEF,32,0.0,1.3677428,0,1.3677427768707300,Brighton & Hove Albion,A
Harwood-Bellis,DEF,32,0.0,1.3626457,0,1.3626457452774000,Aston Villa,H
Osula,FWD,32,0.0,1.3568649,0,1.3568649888038600,"Manchester United, Crystal Palace","H, H"
Broadhead,MID,32,0.0,1.3539292,0,1.3539291620254500,Chelsea,A
Davis,DEF,32,0.0,1.3466791,0,1.3466790914535500,Chelsea,A
O'Riley,MID,32,0.0,1.3374997,0,1.337499737739560,Leicester City,H
Odobert,MID,32,0.0,1.3369999,0,1.3369998931884800,Wolverhampton Wanderers,A
Gabriel,DEF,32,0.0,1.3353634,0,1.3353633880615200,Brentford,H
Lewis,DEF,32,0.0,1.3342152,0,1.3342152163386300,"Crystal Palace, Manchester United, Crystal Palace","H, H, H"
Archer,FWD,32,0.0,1.3333548,0,1.3333548307418800,Aston Villa,H
Hutchinson,MID,32,0.0,1.332423,0,1.3324229717254600,Chelsea,A
Devenny,MID,32,0.0,1.3143268,0,1.3143267035484300,"Manchester City, Newcastle United","A, A"
Todibo,DEF,32,0.0,1.3113583,0,1.3113583326339700,Liverpool,A
Morsy,MID,32,0.0,1.3083149,0,1.3083149194717400,Chelsea,A
Lindstrøm,MID,32,0.0,1.3040876,0,1.3040876388549800,Nottingham Forest,A
Kamara,MID,32,0.0,1.3035344,0,1.3035343885421800,Southampton,A
Van de Ven,DEF,32,0.0,1.2883443,0,1.2883442640304600,Wolverhampton Wanderers,A
Emerson,DEF,32,0.0,1.2867222,0,1.286722183227540,Liverpool,A
Ajer,DEF,32,0.0,1.2860289,0,1.2860288619995100,Arsenal,A
Lukić,MID,32,0.0,1.2727373,0,1.2727372646331800,Bournemouth,A
Sarabia,MID,32,0.0,1.2533119,0,1.2533118724823000,Tottenham Hotspur,H
Yoro,DEF,32,0.0,1.2503362,0,1.2503361701965300,Newcastle United,A
Zirkzee,FWD,32,0.0,1.2486577,0,1.2486577033996600,Newcastle United,A
Sugawara,DEF,32,0.0,1.2465488,0,1.2465487718582200,Aston Villa,H
Aina,DEF,32,0.0,1.2453713,0,1.2453713417053200,Everton,H
Kristiansen,DEF,32,0.0,1.2452747,0,1.2452746629715000,Brighton & Hove Albion,A
Guedes,MID,32,0.0,1.2450517,0,1.2450517416000400,Tottenham Hotspur,H
Clyne,DEF,32,0.0,1.2360057,0,1.2360056638717700,"Manchester City, Newcastle United","A, A"
Maguire,DEF,32,0.0,1.2291415,0,1.2291414737701400,Newcastle United,A
Chilwell,DEF,32,0.0,1.227593,0,1.227592945098880,"Manchester City, Newcastle United","A, A"
Townsend,DEF,32,0.0,1.2262596,0,1.2262595891952500,Chelsea,A
Elliott,MID,32,0.0,1.2245419,0,1.2245419025421100,West Ham United,H
Jaden,MID,32,0.0,1.2203064,0,1.220306396484380,Chelsea,A
Ferguson,FWD,32,0.0,1.2177275,0,1.217727541923520,Liverpool,A
C.Soler,MID,32,0.0,1.2012584,0,1.2012584209442100,Liverpool,A
Kiwior,DEF,32,0.0,1.1903485,0,1.190348505973820,Brentford,H
Smith,DEF,32,0.0,1.1892478,0,1.1892478466033900,Fulham,H
Young,DEF,32,0.0,1.185008,0,1.1850080490112300,Nottingham Forest,A
Johnson,DEF,32,0.0,1.172649,0,1.1726490259170500,Chelsea,A
Pau,DEF,32,0.0,1.1637297,0,1.1637296676635700,Southampton,A
Álvarez,MID,32,0.0,1.1616483,0,1.1616482734680200,Liverpool,A
Burgess,DEF,32,0.0,1.1484655,0,1.1484655141830400,Chelsea,A
Mavididi,MID,32,0.0,1.1373452,0,1.1373451948165900,Brighton & Hove Albion,A
Webster,DEF,32,0.0,1.1337483,0,1.1337482929229700,Leicester City,H
Phillips,MID,32,0.0,1.1300267,0,1.1300266981124900,Chelsea,A
Mavropanos,DEF,32,0.0,1.123558,0,1.1235580444335900,Liverpool,A
B.Badiashile,DEF,32,0.0,1.1067417,0,1.1067416667938200,Ipswich Town,H
Bissouma,MID,32,0.0,1.0897323,0,1.08973228931427,Wolverhampton Wanderers,A
Dewsbury-Hall,MID,32,0.0,1.084022,0,1.084022045135500,Ipswich Town,H
A.Becker,GKP,32,0.0,1.0480168,0,1.0480167865753200,West Ham United,H
Downes,MID,32,0.0,1.0431935,0,1.0431934595108000,Aston Villa,H
McNeil,MID,32,0.0,1.0393609,0,1.0393608808517500,Nottingham Forest,A
Eriksen,MID,32,0.0,1.034939,0,1.0349390506744400,Newcastle United,A
Khusanov,DEF,32,0.0,1.0348855,0,1.0348855257034300,Crystal Palace,H
A. Garcia,DEF,32,0.0,1.0290657,0,1.029065728187560,Southampton,A
Lindelof,DEF,32,0.0,1.0231841,0,1.023184061050420,Newcastle United,A
Mount,MID,32,0.0,1.0117931,0,1.0117931365966800,Newcastle United,A
W.Fofana,DEF,32,0.0,1.00801,0,1.0080100297927900,Ipswich Town,H
Cresswell,DEF,32,0.0,1.000256,0,1.0002559423446700,Liverpool,A
Esse,MID,32,0.0,0.9871391,0,0.987139105796814,"Manchester City, Newcastle United","A, A"
Morato,DEF,32,0.0,0.9869292,0,0.986929178237915,Everton,H
Taylor,MID,32,0.0,0.982383,0,0.9823830127716060,Chelsea,A
Tuanzebe,DEF,32,0.0,0.9551089,0,0.9551088809967040,Chelsea,A
Gray,MID,32,0.0,0.94779295,0,0.9477929472923280,Wolverhampton Wanderers,A
Winks,MID,32,0.0,0.94625264,0,0.9462526440620420,Brighton & Hove Albion,A
Alex Moreno,DEF,32,0.0,0.9409398,0,0.9409397840499880,Everton,H
Patterson,DEF,32,0.0,0.9390303,0,0.9390302896499630,Nottingham Forest,A
March,MID,32,0.0,0.9372662,0,0.9372661709785460,Leicester City,H
Jorginho,MID,32,0.0,0.91950405,0,0.9195040464401250,Brentford,H
White,DEF,32,0.0,0.90672934,0,0.9067293405532840,Brentford,H
Scarles,DEF,32,0.0,0.9060222,0,0.9060221910476690,Liverpool,A
M.França,MID,32,0.0,0.898281,0,0.8982809782028200,"Manchester City, Newcastle United","A, A"
Smallbone,MID,32,0.0,0.8730273,0,0.8730273246765140,Aston Villa,H
Monga,MID,32,0.0,0.8552029,0,0.8552029132843020,Brighton & Hove Albion,A
Jebbison,FWD,32,0.0,0.850902,0,0.8509020209312440,Fulham,H
C.Richards,DEF,32,0.0,0.8478855,0,0.8478854596614840,"Manchester City, Newcastle United","A, A"
Danso,DEF,32,0.0,0.8295834,0,0.8295834064483640,Wolverhampton Wanderers,A
J.Ayew,MID,32,0.0,0.823202,0,0.8232020139694210,Brighton & Hove Albion,A
Tierney,DEF,32,0.0,0.82146543,0,0.8214654326438900,Brentford,H
Broja,FWD,32,0.0,0.82139194,0,0.8213919401168820,Nottingham Forest,A
Sosa,MID,32,0.0,0.82024735,0,0.8202473521232610,Everton,H
R.Gomes,MID,32,0.0,0.81489474,0,0.8148947358131410,Tottenham Hotspur,H
Collyer,MID,32,0.0,0.81456923,0,0.8145692348480230,Newcastle United,A
Woolfenden,DEF,32,0.0,0.80936456,0,0.8093645572662350,Chelsea,A
Hirst,FWD,32,0.0,0.803987,0,0.8039870262146000,Chelsea,A
Skipp,MID,32,0.0,0.80185854,0,0.8018585443496700,Brighton & Hove Albion,A
Hee Chan,MID,32,0.0,0.80166256,0,0.8016625642776490,Tottenham Hotspur,H
Iroegbunam,MID,32,0.0,0.7997001,0,0.7997000813484190,Nottingham Forest,A
Boly,DEF,32,0.0,0.79908246,0,0.7990824580192570,Everton,H
Kulusevski,MID,32,0.0,0.78472346,0,0.7847234606742860,Wolverhampton Wanderers,A
Lavia,MID,32,0.0,0.7822592,0,0.7822592258453370,Ipswich Town,H
Greaves,DEF,32,0.0,0.7747825,0,0.7747824788093570,Chelsea,A
Diop,DEF,32,0.0,0.7525542,0,0.752554178237915,Bournemouth,A
McAtee,MID,32,0.0,0.74894494,0,0.7489449381828310,Crystal Palace,H
Ortega Moreno,GKP,32,0.0,0.74523216,0,0.7452321648597720,Crystal Palace,H
L.Guilherme,MID,32,0.0,0.7436148,0,0.7436147928237920,Liverpool,A
Welington,DEF,32,0.0,0.73798597,0,0.7379859685897830,Aston Villa,H
Barkley,MID,32,0.0,0.7337282,0,0.7337281703948980,Southampton,A
Y. Chermiti,FWD,32,0.0,0.7326915,0,0.7326915264129640,Nottingham Forest,A
Chiesa,MID,32,0.0,0.7263568,0,0.7263568043708800,West Ham United,H
Stephens,DEF,32,0.0,0.713763,0,0.7137629985809330,Aston Villa,H
Senesi,DEF,32,0.0,0.70613134,0,0.7061313390731810,Fulham,H
Cairney,MID,32,0.0,0.6866409,0,0.6866409182548520,Bournemouth,A
J.Cuenca,DEF,32,0.0,0.67360634,0,0.6736063361167910,Bournemouth,A
Wieffer,MID,32,0.0,0.6697635,0,0.6697635054588320,Leicester City,H
Kayode,DEF,32,0.0,0.6690619,0,0.6690618991851810,Arsenal,A
Hill,DEF,32,0.0,0.65694183,0,0.656941831111908,Fulham,H
Danilo,MID,32,0.0,0.65620434,0,0.656204342842102,Everton,H
Reed,MID,32,0.0,0.6547314,0,0.6547313928604130,Bournemouth,A
Bradley,DEF,32,0.0,0.65127265,0,0.6512726545333860,West Ham United,H
Stewart,FWD,32,0.0,0.6338278,0,0.633827805519104,Aston Villa,H
Endo,MID,32,0.0,0.590252,0,0.5902519822120670,West Ham United,H
Sangaré,MID,32,0.0,0.5708709,0,0.5708708763122560,Everton,H
Sinisterra,MID,32,0.0,0.5541369,0,0.5541368722915650,Fulham,H
Chaplin,MID,32,0.0,0.55342114,0,0.553421139717102,Chelsea,A
Olsen,GKP,32,0.0,0.53930855,0,0.5393085479736330,Southampton,A
George,MID,32,0.0,0.5387577,0,0.5387576818466190,Ipswich Town,H
Havertz,FWD,32,0.0,0.5369331,0,0.5369331240653990,Brentford,H
Calvert-Lewin,FWD,32,0.0,0.53194064,0,0.5319406390190130,Nottingham Forest,A
Heaven,DEF,32,0.0,0.5281262,0,0.5281261801719670,Newcastle United,A
Targett,DEF,32,0.0,0.5131315,0,0.5131315290927890,"Manchester United, Crystal Palace","H, H"
S.Bueno,DEF,32,0.0,0.51139355,0,0.5113935470581060,Tottenham Hotspur,H
Veltman,DEF,32,0.0,0.5010041,0,0.5010040998458860,Leicester City,H
Bree,DEF,32,0.0,0.49763373,0,0.4976337254047390,Aston Villa,H
Wilson,MID,32,0.0,0.49448755,0,0.49448755383491500,Bournemouth,A
Cashin,DEF,32,0.0,0.4904603,0,0.4904603064060210,Leicester City,H
Winterburn,MID,32,0.0,0.4879336,0,0.48793360590934800,Fulham,H
Amass,DEF,32,0.0,0.483978,0,0.4839780032634740,Newcastle United,A
Grønbæk,MID,32,0.0,0.48220512,0,0.4822051227092740,Aston Villa,H
Okoli,DEF,32,0.0,0.48135188,0,0.4813518822193150,Brighton & Hove Albion,A
Szmodics,MID,32,0.0,0.4807027,0,0.4807026982307430,Chelsea,A
Ward,DEF,32,0.0,0.47921616,0,0.47921614348888400,"Manchester City, Newcastle United","A, A"
Duran,FWD,32,0.0,0.47174412,0,0.4717441201210020,Southampton,A
João Félix,MID,32,0.0,0.4556129,0,0.4556128978729250,Ipswich Town,H
Jensen,MID,32,0.0,0.45309797,0,0.45309796929359400,Arsenal,A
Scarlett,FWD,32,0.0,0.4402613,0,0.4402613043785100,Wolverhampton Wanderers,A
Maghoma,MID,32,0.0,0.4400449,0,0.44004490971565200,Arsenal,A
McAteer,MID,32,0.0,0.43438977,0,0.43438977003097500,Brighton & Hove Albion,A
Walker,DEF,32,0.0,0.43340126,0,0.4334012567996980,Crystal Palace,H
Doyle,MID,32,0.0,0.43001008,0,0.4300100803375240,Tottenham Hotspur,H
Amad,MID,32,0.0,0.42885694,0,0.4288569390773770,Newcastle United,A
Bella-Kotchap,DEF,32,0.0,0.42871502,0,0.4287150204181670,Aston Villa,H
Botman,DEF,32,0.0,0.42716926,0,0.4271692484617230,"Manchester United, Crystal Palace","H, H"
Tete,DEF,32,0.0,0.4209916,0,0.42099159955978400,Bournemouth,A
G.Rodríguez,MID,32,0.0,0.41581294,0,0.4158129394054410,Liverpool,A
Bobb,MID,32,0.0,0.39855146,0,0.39855146408081100,Crystal Palace,H
Forster,GKP,32,0.0,0.3933707,0,0.39337068796157800,Wolverhampton Wanderers,A
Akanji,DEF,32,0.0,0.39217165,0,0.3921716511249540,Crystal Palace,H
Ricardo,DEF,32,0.0,0.39129502,0,0.39129501581192000,Brighton & Hove Albion,A
Roerslev,DEF,32,0.0,0.38404927,0,0.38404926657676700,Arsenal,A
Zinchenko,DEF,32,0.0,0.38026616,0,0.3802661597728730,Brentford,H
Kelly,DEF,32,0.0,0.37775105,0,0.37775106728076900,"Manchester United, Crystal Palace","H, H"
Obi,FWD,32,0.0,0.37280604,0,0.37280604243278500,Newcastle United,A
Quansah,DEF,32,0.0,0.36400563,0,0.3640056252479550,West Ham United,H
Djiga,DEF,32,0.0,0.3579814,0,0.357981413602829,Tottenham Hotspur,H
Mangala,MID,32,0.0,0.3563052,0,0.35630521178245500,Nottingham Forest,A
Martinez,DEF,32,0.0,0.34664723,0,0.3466472327709200,Newcastle United,A
Werner,MID,32,0.0,0.33701757,0,0.33701756596565200,Wolverhampton Wanderers,A
Richarlison,FWD,32,0.0,0.3337725,0,0.3337725102901460,Wolverhampton Wanderers,A
Mario Jr.,MID,32,0.0,0.33274537,0,0.33274537324905400,Tottenham Hotspur,H
Lamptey,DEF,32,0.0,0.332708,0,0.3327080011367800,Leicester City,H
Mee,DEF,32,0.0,0.32605925,0,0.3260592520236970,Arsenal,A
Coufal,DEF,32,0.0,0.31822285,0,0.31822285056114200,Liverpool,A
Jørgensen,GKP,32,0.0,0.3031795,0,0.3031795024871830,Ipswich Town,H
Gower,MID,32,0.0,0.30024153,0,0.30024152994155900,Brentford,H
F.Kadıoğlu,DEF,32,0.0,0.29463792,0,0.29463791847229000,Leicester City,H
Simpson-Pusey,DEF,32,0.0,0.291599,0,0.29159900546073900,Crystal Palace,H
Lallana,MID,32,0.0,0.28792822,0,0.2879282236099240,Aston Villa,H
Igor,DEF,32,0.0,0.28682864,0,0.2868286371231080,Leicester City,H
Jaros,GKP,32,0.0,0.28328103,0,0.28328102827072100,West Ham United,H
Reguilón,DEF,32,0.0,0.2821738,0,0.2821738123893740,Wolverhampton Wanderers,A
B.Traore,MID,32,0.0,0.27969182,0,0.27969181537628200,Tottenham Hotspur,H
Aké,DEF,32,0.0,0.27548322,0,0.27548322081565900,Crystal Palace,H
Shaw,DEF,32,0.0,0.2682379,0,0.2682378888130190,Newcastle United,A
Almirón,MID,32,0.0,0.26499718,0,0.2649971693754200,"Manchester United, Crystal Palace","H, H"
Schlupp,MID,32,0.0,0.26474425,0,0.26474425196647600,"Manchester City, Newcastle United","A, A"
Ji-soo,DEF,32,0.0,0.2632532,0,0.26325321197509800,Arsenal,A
Konak,MID,32,0.0,0.25987396,0,0.2598739564418790,Arsenal,A
Austin,GKP,32,0.0,0.2592788,0,0.259278804063797,Wolverhampton Wanderers,A
Summerville,MID,32,0.0,0.2580677,0,0.25806769728660600,Liverpool,A
Kporha,DEF,32,0.0,0.2573897,0,0.25738968700170500,"Manchester City, Newcastle United","A, A"
Antonio,FWD,32,0.0,0.25384498,0,0.2538449764251710,Liverpool,A
Kinsky,GKP,32,0.0,0.25170517,0,0.2517051696777340,Wolverhampton Wanderers,A
C.Doucouré,MID,32,0.0,0.24901235,0,0.24901234358549100,"Manchester City, Newcastle United","A, A"
Valdimarsson,GKP,32,0.0,0.24672118,0,0.24672117829322800,Arsenal,A
Dorrington,DEF,32,0.0,0.24616352,0,0.2461635172367100,Wolverhampton Wanderers,A
De Cordova-Reid,MID,32,0.0,0.24569921,0,0.2456992119550710,Brighton & Hove Albion,A
Henry,DEF,32,0.0,0.24016184,0,0.24016183614730800,Arsenal,A
Meghoma,DEF,32,0.0,0.24016184,0,0.24016183614730800,Arsenal,A
Ings,FWD,32,0.0,0.23193471,0,0.23193471133709000,Liverpool,A
Amougou,MID,32,0.0,0.22330956,0,0.22330956161022200,Ipswich Town,H
Mainoo,MID,32,0.0,0.22181487,0,0.22181487083435100,Newcastle United,A
Aarons,DEF,32,0.0,0.22122495,0,0.22122494876384700,Fulham,H
Evans,DEF,32,0.0,0.21751864,0,0.2175186425447460,Newcastle United,A
Tomiyasu,DEF,32,0.0,0.2162721,0,0.21627210080623600,Brentford,H
Buendia,MID,32,0.0,0.211192,0,0.21119199693203000,Southampton,A
G.Jesus,FWD,32,0.0,0.21032138,0,0.21032138168811800,Brentford,H
Carvalho,MID,32,0.0,0.20312093,0,0.20312093198299400,Arsenal,A
Irving,MID,32,0.0,0.19395089,0,0.19395089149475100,Liverpool,A
Gomez,DEF,32,0.0,0.19200449,0,0.1920044869184490,West Ham United,H
Chadi Riad,DEF,32,0.0,0.18981475,0,0.1898147463798520,"Manchester City, Newcastle United","A, A"
J.Araujo,DEF,32,0.0,0.18598828,0,0.18598827719688400,Fulham,H
H.Clarke,DEF,32,0.0,0.1853531,0,0.1853531002998350,Chelsea,A
Casey,DEF,32,0.0,0.1851617,0,0.18516169488430000,Liverpool,A
Burns,MID,32,0.0,0.18231547,0,0.18231546878814700,Chelsea,A
Orford,MID,32,0.0,0.18204255,0,0.18204255402088200,Liverpool,A
Armstrong,FWD,32,0.0,0.18172914,0,0.18172913789749100,Aston Villa,H
Coleman,DEF,32,0.0,0.1814073,0,0.18140730261802700,Nottingham Forest,A
Wood,DEF,32,0.0,0.17764685,0,0.17764684557914700,Aston Villa,H
Brereton Díaz,MID,32,0.0,0.176072,0,0.17607200145721400,Aston Villa,H
Renato Veiga,MID,32,0.0,0.1716789,0,0.17167890071868900,Ipswich Town,H
Luongo,MID,32,0.0,0.1713536,0,0.17135359346866600,Chelsea,A
Charlie Tasker,DEF,32,0.0,0.17115754,0,0.17115753889083900,Leicester City,H
Nelson,MID,32,0.0,0.17093515,0,0.17093515396118200,Bournemouth,A
Enes Ünal,FWD,32,0.0,0.17011876,0,0.1701187640428540,Fulham,H
Mudryk,MID,32,0.0,0.17009586,0,0.17009586095809900,Ipswich Town,H
Stones,DEF,32,0.0,0.16865459,0,0.16865459084510800,Crystal Palace,H
Philip,MID,32,0.0,0.16524717,0,0.16524717211723300,Fulham,H
Dragusin,DEF,32,0.0,0.16206305,0,0.16206304728984800,Wolverhampton Wanderers,A
Stolarczyk,GKP,32,0.0,0.16182749,0,0.16182748973369600,Brighton & Hove Albion,A
Dawson,DEF,32,0.0,0.1612843,0,0.16128429770469700,Tottenham Hotspur,H
Rodrigo,MID,32,0.0,0.16126943,0,0.1612694263458250,Crystal Palace,H
Moore,MID,32,0.0,0.16053994,0,0.16053993999958000,Wolverhampton Wanderers,A
Gilmour,MID,32,0.0,0.1598652,0,0.15986520051956200,Leicester City,H
A.Fatawu,MID,32,0.0,0.15944225,0,0.1594422459602360,Brighton & Hove Albion,A
Travers,GKP,32,0.0,0.15679052,0,0.15679052472114600,Fulham,H
Dúbravka,GKP,32,0.0,0.15602197,0,0.15602196753025100,"Manchester United, Crystal Palace","H, H"
Fraser,MID,32,0.0,0.1540455,0,0.15404550731182100,Aston Villa,H
Fabianski,GKP,32,0.0,0.15185446,0,0.15185445547103900,Liverpool,A
Sarmiento,MID,32,0.0,0.14982556,0,0.1498255580663680,Leicester City,H
Diego Carlos,DEF,32,0.0,0.14819829,0,0.14819829165935500,Southampton,A
Calafiori,DEF,32,0.0,0.14711186,0,0.14711186289787300,Brentford,H
Alves,MID,32,0.0,0.14400971,0,0.14400970935821500,Brighton & Hove Albion,A
Lumley,GKP,32,0.0,0.14304294,0,0.1430429369211200,Aston Villa,H
Silcott-Duberry,MID,32,0.0,0.14239766,0,0.1423976570367810,Fulham,H
Moder,MID,32,0.0,0.14185673,0,0.14185672998428300,Leicester City,H
Ogbene,MID,32,0.0,0.14155246,0,0.14155246317386600,Chelsea,A
Da Silva Moreira,MID,32,0.0,0.14093098,0,0.14093098044395400,Everton,H
Godfrey,DEF,32,0.0,0.14088301,0,0.14088301360607100,Chelsea,A
Marc Guiu,FWD,32,0.0,0.13841614,0,0.1384161412715910,Ipswich Town,H
Neto,GKP,32,0.0,0.13784654,0,0.13784654438495600,Brentford,H
Steele,GKP,32,0.0,0.13781293,0,0.13781292736530300,Leicester City,H
Milner,MID,32,0.0,0.13659753,0,0.13659752905368800,Leicester City,H
Edozie,MID,32,0.0,0.13392903,0,0.1339290328323840,"Aston Villa, Tottenham Hotspur","H, H"
Forbs,MID,32,0.0,0.13385798,0,0.13385798037052200,Tottenham Hotspur,H
Edouard,FWD,32,0.0,0.13271038,0,0.13271038234233900,Brighton & Hove Albion,A
Mheuka,FWD,32,0.0,0.1324647,0,0.1324647068977360,Ipswich Town,H
Vitor Reis,DEF,32,0.0,0.13206075,0,0.13206075131893200,Crystal Palace,H
Acheampong,DEF,32,0.0,0.13066198,0,0.1306619793176650,Ipswich Town,H
Trevitt,MID,32,0.0,0.1302137,0,0.1302136927843090,Arsenal,A
Godo,MID,32,0.0,0.1302137,0,0.1302136927843090,Bournemouth,A
Taylor,DEF,32,0.0,0.12880161,0,0.1288016140460970,Aston Villa,H
Pedro Lima,DEF,32,0.0,0.12739253,0,0.12739253044128400,Tottenham Hotspur,H
Podence,MID,32,0.0,0.12465583,0,0.1246558278799060,Tottenham Hotspur,H
Cunha,FWD,32,0.0,0.12313472,0,0.12313471734523800,Tottenham Hotspur,H
Vestergaard,DEF,32,0.0,0.12286719,0,0.12286718934774400,Brighton & Hove Albion,A
Dixon,DEF,32,0.0,0.12166864,0,0.12166863679885900,Nottingham Forest,A
Mosquera,DEF,32,0.0,0.11916849,0,0.1191684901714330,Tottenham Hotspur,H
Lankshear,FWD,32,0.0,0.118509725,0,0.11850972473621400,Wolverhampton Wanderers,A
Rees-Dottin,FWD,32,0.0,0.11758387,0,0.11758387088775600,Fulham,H
Walton,GKP,32,0.0,0.117444515,0,0.11744451522827100,Chelsea,A
Choudhury,MID,32,0.0,0.115888,0,0.11588799953460700,Brighton & Hove Albion,A
Coulibaly,DEF,32,0.0,0.11463418,0,0.11463417857885400,Brighton & Hove Albion,A
Cornet,MID,32,0.0,0.11371248,0,0.11371248215436900,Aston Villa,H
Onyeka,MID,32,0.0,0.112296686,0,0.1122966855764390,Arsenal,A
Harness,MID,32,0.0,0.11177783,0,0.11177782714366900,Chelsea,A
Stansfield,FWD,32,0.0,0.10970138,0,0.10970138013362900,Bournemouth,A
Ward,GKP,32,0.0,0.10843615,0,0.10843615233898200,Brighton & Hove Albion,A
Mubama,FWD,32,0.0,0.10803853,0,0.108038529753685,Crystal Palace,H
Keane,DEF,32,0.0,0.10698312,0,0.10698311775922800,Nottingham Forest,A
McCarthy,GKP,32,0.0,0.10652985,0,0.1065298467874530,Aston Villa,H
Danns,FWD,32,0.0,0.10530126,0,0.10530126094818100,West Ham United,H
Johnstone,GKP,32,0.0,0.10348487,0,0.1034848690032960,Tottenham Hotspur,H
Cartwright,MID,32,0.0,0.10306339,0,0.10306338965892800,Brighton & Hove Albion,A
Toffolo,DEF,32,0.0,0.101553634,0,0.10155363380909000,Everton,H
Thiago,FWD,32,0.0,0.100361735,0,0.10036173462867700,Arsenal,A
Nedeljkovic,DEF,32,0.0,0.09701464,0,0.0970146432518959,Southampton,A
King,MID,32,0.0,0.09227509,0,0.09227509051561360,Bournemouth,A
Chiquinho,MID,32,0.0,0.0918934,0,0.09189339727163320,Tottenham Hotspur,H
Malacia,DEF,32,0.0,0.09113076,0,0.09113076329231260,Newcastle United,A
Antony,MID,32,0.0,0.08824218,0,0.08824218064546590,Newcastle United,A
A.Murphy,DEF,32,0.0,0.08581632,0,0.08581631630659100,"Manchester United, Crystal Palace","H, H"
Pivas,DEF,32,0.0,0.08581632,0,0.08581631630659100,"Manchester United, Crystal Palace","H, H"
Lascelles,DEF,32,0.0,0.08581632,0,0.08581631630659100,"Manchester United, Crystal Palace","H, H"
Edwards,DEF,32,0.0,0.08493682,0,0.08493681997060780,Aston Villa,H
Holding,DEF,32,0.0,0.08285066,0,0.08285065554082390,"Manchester City, Newcastle United","A, A"
McTominay,MID,32,0.0,0.082466744,0,0.0824667438864708,Newcastle United,A
Amo-Ameyaw,MID,32,0.0,0.08216294,0,0.08216293901205060,Aston Villa,H
Al-Hamadi,FWD,32,0.0,0.0784004,0,0.07840040326118470,Chelsea,A
Ruddy,GKP,32,0.0,0.07654397,0,0.07654397189617160,"Manchester United, Crystal Palace","H, H"
Odysseas,GKP,32,0.0,0.07654397,0,0.07654397189617160,"Manchester United, Crystal Palace","H, H"
Rak-Sakyi,MID,32,0.0,0.076091245,0,0.07609124109148980,"Manchester City, Newcastle United, Ipswich Town","A, A, H"
Bogarde,DEF,32,0.0,0.07462499,0,0.07462499290704730,Southampton,A
Turner,GKP,32,0.0,0.073671356,0,0.073671355843544,"Manchester City, Newcastle United","A, A"
Matthews,GKP,32,0.0,0.073671356,0,0.073671355843544,"Manchester City, Newcastle United","A, A"
Armstrong,MID,32,0.0,0.072087795,0,0.07208779454231260,Nottingham Forest,A
Agbinone,MID,32,0.0,0.068285555,0,0.06828555464744570,"Manchester City, Newcastle United","A, A"
Kukonki,DEF,32,0.0,0.05917425,0,0.059174250811338400,Newcastle United,A
Kayi Sanda,DEF,32,0.0,0.05917425,0,0.059174250811338400,Aston Villa,H
Edmundson,DEF,32,0.0,0.05718438,0,0.057184379547834400,Chelsea,A
Gilchrist,DEF,32,0.0,0.055269748,0,0.0552697479724884,Ipswich Town,H
M.Sarr,DEF,32,0.0,0.055269748,0,0.0552697479724884,Ipswich Town,H
Cannon,FWD,32,0.0,0.054694965,0,0.05469496548175810,Brighton & Hove Albion,A
Baggott,DEF,32,0.0,0.054684225,0,0.05468422546982770,Chelsea,A
Ndaba,DEF,32,0.0,0.054684225,0,0.05468422546982770,Chelsea,A
Vinicius,FWD,32,0.0,0.054343797,0,0.05434379726648330,Bournemouth,A
Kuol,MID,32,0.0,0.053384133,0,0.05338413454592230,"Manchester United, Crystal Palace","H, H"
White,MID,32,0.0,0.053384133,0,0.05338413454592230,"Manchester United, Crystal Palace","H, H"
Hayden,MID,32,0.0,0.053384133,0,0.05338413454592230,"Manchester United, Crystal Palace","H, H"
Davies,GKP,32,0.0,0.05310639,0,0.053106389939785000,West Ham United,H
Offiah,DEF,32,0.0,0.052795112,0,0.05279511213302610,Leicester City,H
Barco,DEF,32,0.0,0.052795112,0,0.05279511213302610,Leicester City,H
Knight,MID,32,0.0,0.052616417,0,0.0526164174079895,Leicester City,H
Fredricson,DEF,32,0.0,0.052282605,0,0.052282605320215200,Newcastle United,A
Larios,DEF,32,0.0,0.052282605,0,0.052282605320215200,Aston Villa,H
Samuels-Smith,DEF,32,0.0,0.04990201,0,0.04990201070904730,Ipswich Town,H
Gauci,GKP,32,0.0,0.047056876,0,0.04705687612295150,Southampton,A
Brits,GKP,32,0.0,0.047056876,0,0.04705687612295150,Crystal Palace,H
Zych,GKP,32,0.0,0.047056876,0,0.04705687612295150,Southampton,A
Bettinelli,GKP,32,0.0,0.047056876,0,0.04705687612295150,Ipswich Town,H
Carson,GKP,32,0.0,0.047056876,0,0.04705687612295150,Crystal Palace,H
Sinisalo,GKP,32,0.0,0.047056876,0,0.04705687612295150,Southampton,A
Whiteman,GKP,32,0.0,0.047056876,0,0.04705687612295150,Wolverhampton Wanderers,A
Bergström,GKP,32,0.0,0.047056876,0,0.04705687612295150,Ipswich Town,H
Petrović,GKP,32,0.0,0.047056876,0,0.04705687612295150,Ipswich Town,H
Marschall,GKP,32,0.0,0.047056876,0,0.04705687612295150,Southampton,A
Kesler-Hayden,DEF,32,0.0,0.047020406,0,0.047020405530929600,Southampton,A
Sousa,DEF,32,0.0,0.047020406,0,0.047020405530929600,Southampton,A
Wiley,DEF,32,0.0,0.047020406,0,0.047020405530929600,Ipswich Town,H
Hause,DEF,32,0.0,0.047020406,0,0.047020405530929600,Southampton,A
Swinkels,DEF,32,0.0,0.047020406,0,0.047020405530929600,Southampton,A
Anselmino,DEF,32,0.0,0.045040525,0,0.04504052549600600,Ipswich Town,H
Genesis Antwi,DEF,32,0.0,0.045040525,0,0.04504052549600600,Ipswich Town,H
Holgate,DEF,32,0.0,0.044592485,0,0.04459248483181,Nottingham Forest,A
Umeh-Chibueze,MID,32,0.0,0.043479975,0,0.04347997531294820,"Manchester City, Newcastle United","A, A"
Rodney,MID,32,0.0,0.043479975,0,0.04347997531294820,"Manchester City, Newcastle United","A, A"
Young,MID,32,0.0,0.041165296,0,0.041165295988321300,Southampton,A
Jimoh,MID,32,0.0,0.041165296,0,0.041165295988321300,Southampton,A
Broggio,MID,32,0.0,0.041165296,0,0.041165295988321300,Southampton,A
Samuels,DEF,32,0.0,0.040192213,0,0.04019221290946010,Leicester City,H
McConville,DEF,32,0.0,0.040192213,0,0.04019221290946010,Leicester City,H
Slater,DEF,32,0.0,0.040192213,0,0.04019221290946010,Leicester City,H
A.Phillips,DEF,32,0.0,0.03859495,0,0.03859494999051090,Wolverhampton Wanderers,A
Hardy,DEF,32,0.0,0.03859495,0,0.03859494999051090,Wolverhampton Wanderers,A
Cassanova,DEF,32,0.0,0.03859495,0,0.03859494999051090,Wolverhampton Wanderers,A
E.Royal,DEF,32,0.0,0.03859495,0,0.03859494999051090,Wolverhampton Wanderers,A
King,DEF,32,0.0,0.03859495,0,0.03859494999051090,Wolverhampton Wanderers,A
Marcal,MID,32,0.0,0.038536675,0,0.0385366752743721,Brighton & Hove Albion,A
Golding,MID,32,0.0,0.038536675,0,0.0385366752743721,Brighton & Hove Albion,A
Porter,GKP,32,0.0,0.038271986,0,0.038271985948085800,Brentford,H
Setford,GKP,32,0.0,0.038271986,0,0.038271985948085800,Brentford,H
Paulsen,GKP,32,0.0,0.038271986,0,0.038271985948085800,Fulham,H
McKenna,GKP,32,0.0,0.038271986,0,0.038271985948085800,Fulham,H
Dennis,GKP,32,0.0,0.038271986,0,0.038271985948085800,Fulham,H
Rushworth,GKP,32,0.0,0.038271986,0,0.038271985948085800,Leicester City,H
Hein,GKP,32,0.0,0.038271986,0,0.038271985948085800,Brentford,H
Eyestone,GKP,32,0.0,0.038271986,0,0.038271985948085800,Arsenal,A
Cahill,GKP,32,0.0,0.038271986,0,0.038271985948085800,Leicester City,H
Dennis,FWD,32,0.0,0.0375486,0,0.037548601627349900,Everton,H
Ui-jo,FWD,32,0.0,0.0375486,0,0.037548601627349900,Everton,H
Okoduwa,DEF,32,0.0,0.037459694,0,0.03745969384908680,Tottenham Hotspur,H
Wilson-Brown,DEF,32,0.0,0.037459694,0,0.03745969384908680,Brighton & Hove Albion,A
Hoever,DEF,32,0.0,0.037459694,0,0.03745969384908680,Tottenham Hotspur,H
Meupiyou,DEF,32,0.0,0.037459694,0,0.03745969384908680,Tottenham Hotspur,H
H.Bueno,DEF,32,0.0,0.037459694,0,0.03745969384908680,Tottenham Hotspur,H
Andrey Santos,MID,32,0.0,0.036981553,0,0.036981552839279200,Ipswich Town,H
Mazilu,MID,32,0.0,0.036981553,0,0.036981552839279200,Leicester City,H
Kozlowski,MID,32,0.0,0.036981553,0,0.036981552839279200,Leicester City,H
Baker-Boaitey,MID,32,0.0,0.036981553,0,0.036981552839279200,Leicester City,H
Moran,MID,32,0.0,0.036981553,0,0.036981552839279200,Leicester City,H
Ângelo,MID,32,0.0,0.036981553,0,0.036981552839279200,Ipswich Town,H
Cozier-Duberry,MID,32,0.0,0.036981553,0,0.036981552839279200,Leicester City,H
Peupion,MID,32,0.0,0.036981553,0,0.036981552839279200,Leicester City,H
Chukwuemeka,MID,32,0.0,0.036981553,0,0.036981552839279200,Ipswich Town,H
Gallagher,MID,32,0.0,0.036981553,0,0.036981552839279200,Ipswich Town,H
Kellyman,MID,32,0.0,0.036981553,0,0.036981552839279200,Ipswich Town,H
Casadei,MID,32,0.0,0.036981553,0,0.036981552839279200,Ipswich Town,H
I.Osman,MID,32,0.0,0.036981553,0,0.036981552839279200,Leicester City,H
Gross,MID,32,0.0,0.036981553,0,0.036981552839279200,Leicester City,H
Dahoud,MID,32,0.0,0.036981553,0,0.036981552839279200,Leicester City,H
Harrison,GKP,32,0.0,0.036835678,0,0.036835677921772,Newcastle United,A
Foderingham,GKP,32,0.0,0.036835678,0,0.036835677921772,Liverpool,A
J.Virginia,GKP,32,0.0,0.036835678,0,0.036835677921772,Nottingham Forest,A
Iversen,GKP,32,0.0,0.036835678,0,0.036835677921772,Brighton & Hove Albion,A
Bayindir,GKP,32,0.0,0.036835678,0,0.036835677921772,Newcastle United,A
Dermot Mee,GKP,32,0.0,0.036835678,0,0.036835677921772,Newcastle United,A
C.Miguel,GKP,32,0.0,0.036835678,0,0.036835677921772,Everton,H
Lis,GKP,32,0.0,0.036835678,0,0.036835677921772,Aston Villa,H
Slicker,GKP,32,0.0,0.036835678,0,0.036835677921772,Chelsea,A
Graczyk,GKP,32,0.0,0.036835678,0,0.036835677921772,Newcastle United,A
Bentley,GKP,32,0.0,0.036835678,0,0.036835677921772,Tottenham Hotspur,H
Bazunu,GKP,32,0.0,0.036835678,0,0.036835677921772,Aston Villa,H
Begovic,GKP,32,0.0,0.036835678,0,0.036835677921772,Nottingham Forest,A
Benda,GKP,32,0.0,0.036835678,0,0.036835677921772,Bournemouth,A
Heaton,GKP,32,0.0,0.036835678,0,0.036835677921772,Newcastle United,A
Hennessey,GKP,32,0.0,0.036835678,0,0.036835677921772,Everton,H
King,GKP,32,0.0,0.036835678,0,0.036835677921772,Tottenham Hotspur,H
Dendoncker,MID,32,0.0,0.036794998,0,0.0367949977517128,Southampton,A
Diaby,MID,32,0.0,0.036794998,0,0.0367949977517128,Southampton,A
Dobbin,MID,32,0.0,0.036794998,0,0.0367949977517128,Southampton,A
Barrenechea,MID,32,0.0,0.036794998,0,0.0367949977517128,Southampton,A
Iling Jr,MID,32,0.0,0.036794998,0,0.0367949977517128,Southampton,A
Arthur,DEF,32,0.0,0.036465593,0,0.0364655926823616,Arsenal,A
Mbabu,DEF,32,0.0,0.034949556,0,0.03494955599308010,Bournemouth,A
Ream,DEF,32,0.0,0.034949556,0,0.03494955599308010,Bournemouth,A
Ozoh,MID,32,0.0,0.034739386,0,0.03473938629031180,"Manchester City, Newcastle United","A, A"
Ebiowei,MID,32,0.0,0.034739386,0,0.03473938629031180,"Manchester City, Newcastle United","A, A"
Ahamada,MID,32,0.0,0.034739386,0,0.03473938629031180,"Manchester City, Newcastle United","A, A"
Zanka,DEF,32,0.0,0.033955455,0,0.03395545482635500,Arsenal,A
N.Phillips,DEF,32,0.0,0.033673435,0,0.03367343544960020,West Ham United,H
Nallo,DEF,32,0.0,0.033673435,0,0.03367343544960020,West Ham United,H
R.Williams,DEF,32,0.0,0.033673435,0,0.03367343544960020,West Ham United,H
Souttar,DEF,32,0.0,0.032969676,0,0.032969675958156600,Brighton & Hove Albion,A
Wright,MID,32,0.0,0.032571062,0,0.032571062445640600,Crystal Palace,H
Amissah,DEF,32,0.0,0.03254793,0,0.032547928392887100,Bournemouth,A
Harris,DEF,32,0.0,0.03254793,0,0.032547928392887100,Fulham,H
Soler,DEF,32,0.0,0.03254793,0,0.032547928392887100,Fulham,H
Kinsey,DEF,32,0.0,0.03254793,0,0.032547928392887100,Fulham,H
Mepham,DEF,32,0.0,0.03254793,0,0.032547928392887100,Fulham,H
Akinmboni,DEF,32,0.0,0.03254793,0,0.032547928392887100,Fulham,H
Nichols,DEF,32,0.0,0.03176675,0,0.031766749918460800,Brentford,H
Worrall,DEF,32,0.0,0.03176675,0,0.031766749918460800,Everton,H
Omobamidele,DEF,32,0.0,0.03176675,0,0.031766749918460800,Everton,H
Kacurri,DEF,32,0.0,0.03176675,0,0.031766749918460800,Brentford,H
O.Richards,DEF,32,0.0,0.03176675,0,0.031766749918460800,Everton,H
Panzo,DEF,32,0.0,0.03176675,0,0.031766749918460800,Everton,H
Kaboré,DEF,32,0.0,0.031553827,0,0.03155382722616200,Crystal Palace,H
Hickey,DEF,32,0.0,0.031553827,0,0.03155382722616200,Arsenal,A
Alleyne,DEF,32,0.0,0.031553827,0,0.03155382722616200,Crystal Palace,H
Wilson-Esbrand,DEF,32,0.0,0.031553827,0,0.03155382722616200,Crystal Palace,H
João Cancelo,DEF,32,0.0,0.031553827,0,0.03155382722616200,Crystal Palace,H
Pond,DEF,32,0.0,0.03119912,0,0.031199119985103600,Tottenham Hotspur,H
Nelson,DEF,32,0.0,0.03056805,0,0.03056805022060870,Brighton & Hove Albion,A
Abbott,DEF,32,0.0,0.029959323,0,0.02995932288467880,Everton,H
Benjamin Fredrick,DEF,32,0.0,0.02957395,0,0.029573950916528700,Arsenal,A
Sadi,MID,32,0.0,0.029553665,0,0.029553664848208400,Fulham,H
Olusesi,MID,32,0.0,0.029439863,0,0.029439862817525900,Wolverhampton Wanderers,A
Williams-Barnett,MID,32,0.0,0.029439863,0,0.029439862817525900,Wolverhampton Wanderers,A
Oulad M'hand,MID,32,0.0,0.029439863,0,0.029439862817525900,Brentford,H
Yang,MID,32,0.0,0.029439863,0,0.029439862817525900,Wolverhampton Wanderers,A
Ajayi,MID,32,0.0,0.029439863,0,0.029439862817525900,Wolverhampton Wanderers,A
Kabia,MID,32,0.0,0.029439863,0,0.029439862817525900,Brentford,H
Mighten,MID,32,0.0,0.028086968,0,0.028086967766284900,Everton,H
O'Brien,MID,32,0.0,0.028086968,0,0.028086967766284900,Everton,H
Bowler,MID,32,0.0,0.028086968,0,0.028086967766284900,Everton,H
O'Brien-Whitmarsh,MID,32,0.0,0.025912594,0,0.02591259405016900,Aston Villa,H
Faivre,MID,32,0.0,0.025183367,0,0.025183366611599900,Fulham,H
Anthony,MID,32,0.0,0.025183367,0,0.025183366611599900,Fulham,H
H.Traorè,MID,32,0.0,0.025183367,0,0.025183366611599900,Fulham,H
Højbjerg,MID,32,0.0,0.025069566,0,0.025069566443562500,Wolverhampton Wanderers,A
Lo Celso,MID,32,0.0,0.025069566,0,0.025069566443562500,Wolverhampton Wanderers,A
Bryan,MID,32,0.0,0.025069566,0,0.025069566443562500,Wolverhampton Wanderers,A
Devine,MID,32,0.0,0.025069566,0,0.025069566443562500,Wolverhampton Wanderers,A
Fábio Vieira,MID,32,0.0,0.025069566,0,0.025069566443562500,Brentford,H
Solomon,MID,32,0.0,0.025069566,0,0.025069566443562500,Wolverhampton Wanderers,A
Undav,FWD,32,0.0,0.024470799,0,0.024470798671245600,Leicester City,H
O’Mahony,FWD,32,0.0,0.024470799,0,0.024470798671245600,Leicester City,H
Echeverri,MID,32,0.0,0.02421253,0,0.024212529882788700,Crystal Palace,H
Bajcetic,MID,32,0.0,0.023711646,0,0.02371164597570900,West Ham United,H
Clark,MID,32,0.0,0.023711646,0,0.02371164597570900,West Ham United,H
McConnell,MID,32,0.0,0.023711646,0,0.02371164597570900,West Ham United,H
Morton,MID,32,0.0,0.023711646,0,0.02371164597570900,West Ham United,H
Doak,MID,32,0.0,0.023711646,0,0.02371164597570900,West Ham United,H
Butler-Oyedeji,FWD,32,0.0,0.023689581,0,0.02368958108127120,Brentford,H
Fitzgerald,MID,32,0.0,0.021739988,0,0.021739987656474100,Newcastle United,A
G.Nunes,MID,32,0.0,0.021739988,0,0.021739987656474100,Arsenal,A
Fletcher,MID,32,0.0,0.021739988,0,0.021739987656474100,Newcastle United,A
Yogane,MID,32,0.0,0.021739988,0,0.021739987656474100,Arsenal,A
Bates,MID,32,0.0,0.021739988,0,0.021739987656474100,Nottingham Forest,A
Cundle,MID,32,0.0,0.021542298,0,0.021542297676205600,Tottenham Hotspur,H
Hodge,MID,32,0.0,0.021542298,0,0.021542297676205600,Tottenham Hotspur,H
Chirewa,MID,32,0.0,0.021542298,0,0.021542297676205600,Tottenham Hotspur,H
Gonzalez,MID,32,0.0,0.021542298,0,0.021542297676205600,Tottenham Hotspur,H
Charles,MID,32,0.0,0.021542298,0,0.021542297676205600,Aston Villa,H
Zouma,DEF,32,0.0,0.021498922,0,0.021498922258615500,Liverpool,A
N.Aguerd,DEF,32,0.0,0.021498922,0,0.021498922258615500,Liverpool,A
Mayers,DEF,32,0.0,0.021498922,0,0.021498922258615500,Liverpool,A
Lukaku,FWD,32,0.0,0.02094848,0,0.02094848081469540,Ipswich Town,H
Deivid,FWD,32,0.0,0.02094848,0,0.02094848081469540,Ipswich Town,H
D.D.Fofana,FWD,32,0.0,0.02094848,0,0.02094848081469540,Ipswich Town,H
Neave,FWD,32,0.0,0.019683562,0,0.01968356128782030,"Manchester United, Crystal Palace","H, H"
Nyoni,MID,32,0.0,0.019091325,0,0.019091324880719200,West Ham United,H
Moorhouse,MID,32,0.0,0.017369693,0,0.017369693145155900,Newcastle United,A
Hannibal,MID,32,0.0,0.017369693,0,0.017369693145155900,Newcastle United,A
Metcalfe,MID,32,0.0,0.017369693,0,0.017369693145155900,Nottingham Forest,A
Koné,MID,32,0.0,0.017369693,0,0.017369693145155900,Newcastle United,A
Peart-Harris,MID,32,0.0,0.017369693,0,0.017369693145155900,Arsenal,A
Humphreys,MID,32,0.0,0.017369693,0,0.017369693145155900,Chelsea,A
Heath,MID,32,0.0,0.017369693,0,0.017369693145155900,Nottingham Forest,A
Dasilva,MID,32,0.0,0.017369693,0,0.017369693145155900,Arsenal,A
Coby Ebere,MID,32,0.0,0.017369693,0,0.017369693145155900,Nottingham Forest,A
Harris,MID,32,0.0,0.017369693,0,0.017369693145155900,Bournemouth,A
Earthy,MID,32,0.0,0.017369693,0,0.017369693145155900,Liverpool,A
Brierley,MID,32,0.0,0.017369693,0,0.017369693145155900,Arsenal,A
Pellistri,MID,32,0.0,0.017369693,0,0.017369693145155900,Newcastle United,A
Veliz,FWD,32,0.0,0.0158071,0,0.015807099640369400,Wolverhampton Wanderers,A
Adu-Adjei,FWD,32,0.0,0.013956449,0,0.013956448994576900,Fulham,H
J.Alvarez,FWD,32,0.0,0.013723307,0,0.01372330728918310,Crystal Palace,H
Kalajdžić,FWD,32,0.0,0.012126671,0,0.012126671150326700,Tottenham Hotspur,H
Fraser,FWD,32,0.0,0.012126671,0,0.012126671150326700,Tottenham Hotspur,H
Fábio Silva,FWD,32,0.0,0.012126671,0,0.012126671150326700,Tottenham Hotspur,H
Chiwome,FWD,32,0.0,0.012126671,0,0.012126671150326700,Tottenham Hotspur,H
Mané,FWD,32,0.0,0.010968745,0,0.01096874475479130,Tottenham Hotspur,H
Marsh,FWD,32,0.0,0.010298362,0,0.010298362001776700,"Manchester City, Newcastle United","A, A"
Toney,FWD,32,0.0,0.0060739657,0,0.0060739656910300300,Arsenal,A
Maupay,FWD,32,0.0,0.0060263416,0,0.006026341579854490,Nottingham Forest,A
Mara,FWD,32,0.0,0.005839261,0,0.0058392612263560300,Aston Villa,H
Sherif,FWD,32,0.0,0.005149181,0,0.005149181000888350,Nottingham Forest,A
Wheatley,FWD,32,0.0,0.005101557,0,0.0051015568897128100,Newcastle United,A
Morgan,FWD,32,0.0,0.0049160407,0,0.004916040692478420,Arsenal,A
Ladapo,FWD,32,0.0,0.0040650144,0,0.00406501442193985,Chelsea,A
